Total Return (%),Maximum Drawdown (%),Sharpe Ratio (Annualized)
190.19012554321583,-38.43985342533347,0.7188693122548043
