Total Return (%),Maximum Drawdown (%),Sharpe Ratio (Annualized)
189.5811079125402,-38.98008051783399,0.1924082737666217
