Total Return (%),Maximum Drawdown (%),Sharpe Ratio (Annualized)
189.05602409638556,-39.25971682230529,0.08343504876946602
